{
    "version": "3.7.0",
    "info": {
        "image_name": "00000067.jpg",
        "height": 2160,
        "width": 3840
    },
    "shapes": [
        {
            "label": "car_vehicle, 승용차",
            "points": [
                [
                    2310.6216216216217,
                    784.7297297297298
                ],
                [
                    2416.027027027027,
                    1027.972972972973
                ]
            ],
            "shape_type": "bbox"
        },
        {
            "label": "car_vehicle, 승용차",
            "points": [
                [
                    361.97297297297297,
                    295.5405405405405
                ],
                [
                    467.3783783783784,
                    522.5675675675676
                ]
            ],
            "shape_type": "bbox"
        },
        {
            "label": "car_vehicle, 승용차",
            "points": [
                [
                    91.70270270270271,
                    311.7567567567568
                ],
                [
                    216.02702702702703,
                    560.4054054054054
                ]
            ],
            "shape_type": "bbox"
        },
        {
            "label": "car_vehicle, 승용차",
            "points": [
                [
                    372.7837837837838,
                    0.9459459459459367
                ],
                [
                    486.2972972972973,
                    206.35135135135135
                ]
            ],
            "shape_type": "bbox"
        },
        {
            "label": "car_vehicle, 승용차",
            "points": [
                [
                    1324.1351351351352,
                    1741.4864864864865
                ],
                [
                    1502.5135135135135,
                    1841.4864864864867
                ]
            ],
            "shape_type": "bbox"
        },
        {
            "label": "car_vehicle, 승용차",
            "points": [
                [
                    2648.4594594594596,
                    2017.162162162162
                ],
                [
                    2826.837837837838,
                    2133.3783783783783
                ]
            ],
            "shape_type": "bbox"
        }
    ]
}